model,precision@10,recall@10,ndcg@10,novelty@10,category_diversity@10,catalog_coverage@10
ItemKNN,0.007908,0.07908,0.04430572073680498,15.419622496736428,0.740800507936508,0.3711055109755289
