model,precision@10,recall@10,ndcg@10,novelty@10,category_diversity@10
GRU4Rec,0.0017265035444774756,0.017265035444774753,0.010705046078698469,13.57906448507087,0.9381620259964645
