model,precision@10,recall@10,ndcg@10,novelty@10,category_diversity@10,catalog_coverage@10
GRU4Rec,0.001644,0.01644,0.010009132783887608,13.779713863739042,0.9306289206349206,0.14321241461635387
