name,seq_min,seq_span,cat_base,cat_drop,hier_max,hier_power,pop,transition_mix,use_hierarchy,precision@10,recall@10,ndcg@10,novelty@10,category_diversity@10,short_precision@10,short_recall@10,short_ndcg@10,short_novelty@10,short_category_diversity@10,catalog_coverage@10
smin0.15_sspan0.7_h0.2,0.15,0.7,0.55,0.3,0.2,1.0,0.05,0.75,True,0.01144,0.1144,0.0685853341973163,13.595797343102559,0.5072774285714287,0.012628630230962726,0.12628630230962726,0.07630358795350288,13.527039694156846,0.5029391667483366,0.22998209430333577
