model,precision@10,recall@10,ndcg@10,novelty@10,category_diversity@10
ItemKNN,0.00867825291561857,0.08678252915618569,0.04975985036883259,15.075813396493432,0.754566350513069
