model,precision@10,recall@10,ndcg@10,novelty@10,category_diversity@10
GRU4Rec,0.0017493711410930713,0.01749371141093071,0.010727831793938991,13.5150221173731,0.9394274570869586
