model,precision@10,recall@10,ndcg@10,novelty@10,category_diversity@10,catalog_coverage@10
GRU4Rec,0.00166,0.0166,0.009889127107459289,13.740434221481593,0.930590380952381,0.12864911466277604
