model,precision@10,recall@10,ndcg@10,novelty@10,category_diversity@10,catalog_coverage@10
Fixed Hybrid Seq+Category,0.01096,0.1096,0.06849237509602432,13.164272285103538,0.6231507936507936,0.22788646461966974
Sequential Transition,0.010252,0.10252,0.06644075227472618,13.23970568814302,0.7300868571428571,0.2560912527355925
Category Popularity,0.0075,0.075,0.039916476354484885,13.50776104242313,0.07045333333333334,0.05935406857218648
Most Popular,0.00021600000000000002,0.00216,0.0009234866900749993,10.19802752734504,0.9554604444444444,0.00012600305060017243
Random,0.0,0.0,0.0,18.78458554157259,0.995095142857143,0.8098945553418662
