model,precision@10,recall@10,ndcg@10,novelty@10,category_diversity@10,catalog_coverage@10
SASRec,0.000144,0.00144,0.0007324910134300886,10.599265014362913,0.8987879682539683,0.040115392267391733
