model,precision@10,recall@10,ndcg@10,novelty@10,category_diversity@10
SASRec,0.00014292247884747312,0.0014292247884747312,0.0007803425230641724,10.411233318384975,0.9031176156719262
