model,precision@10,recall@10,ndcg@10,novelty@10,category_diversity@10
Fixed Hybrid Seq+Category,0.012085524811342329,0.12085524811342328,0.07633541016888463,13.054506466646925,0.6403865803505638
Sequential Transition,0.011199405442487995,0.11199405442487995,0.07373975977920606,13.095450775810544,0.7438815113666475
Category Popularity,0.008318088268922936,0.08318088268922937,0.04466354975378215,13.461526032720363,0.09017709683156744
Most Popular,0.00025154356277155273,0.002515435627715527,0.0011131079155258371,10.19772202851941,0.9555034682521535
Random,0.0,0.0,0.0,18.78574127603019,0.9950543377652914
